<?xml version="1.0" encoding="UTF-8"?>
<project-private xmlns="http://www.netbeans.org/ns/project-private/1">
    <editor-bookmarks xmlns="http://www.netbeans.org/ns/editor-bookmarks/2" lastBookmarkId="0"/>
    <open-files xmlns="http://www.netbeans.org/ns/projectui-open-files/2">
        <group>
            <file>file:/C:/Users/USER/Desktop/Database%203.1%20projectUpdate2/hms/src/hms/AdminPanel.java</file>
            <file>file:/C:/Users/USER/Desktop/Database%203.1%20projectUpdate2/hms/src/hms/AddEmployee.java</file>
            <file>file:/C:/Users/USER/Desktop/Database%203.1%20projectUpdate2/hms/src/hms/SearchRoom.java</file>
            <file>file:/C:/Users/USER/Desktop/Database%203.1%20projectUpdate2/hms/src/hms/Login.java</file>
            <file>file:/C:/Users/USER/Desktop/Database%203.1%20projectUpdate2/hms/src/hms/queryInside.java</file>
            <file>file:/C:/Users/USER/Desktop/Database%203.1%20projectUpdate2/hms/src/hms/CustomerInfo.java</file>
            <file>file:/C:/Users/USER/Desktop/Database%203.1%20projectUpdate2/hms/src/hms/Room.java</file>
            <file>file:/C:/Users/USER/Desktop/Database%203.1%20projectUpdate2/hms/src/hms/NewCustomer.java</file>
            <file>file:/C:/Users/USER/Desktop/Database%203.1%20projectUpdate2/hms/src/hms/ManagerInfo.java</file>
            <file>file:/C:/Users/USER/Desktop/Database%203.1%20projectUpdate2/hms/src/hms/User.java</file>
            <file>file:/C:/Users/USER/Desktop/Database%203.1%20projectUpdate2/hms/src/hms/Employee.java</file>
            <file>file:/C:/Users/USER/Desktop/Database%203.1%20projectUpdate2/hms/src/hms/LoginDetails.java</file>
            <file>file:/C:/Users/USER/Desktop/Database%203.1%20projectUpdate2/hms/src/hms/UpdateRoom.java</file>
            <file>file:/C:/Users/USER/Desktop/Database%203.1%20projectUpdate2/hms/src/hms/Connect.java</file>
            <file>file:/C:/Users/USER/Desktop/Database%203.1%20projectUpdate2/hms/src/hms/Reception.java</file>
            <file>file:/C:/Users/USER/Desktop/Database%203.1%20projectUpdate2/hms/src/hms/CheckOut.java</file>
            <file>file:/C:/Users/USER/Desktop/Database%203.1%20projectUpdate2/hms/src/hms/PickUp.java</file>
            <file>file:/C:/Users/USER/Desktop/Database%203.1%20projectUpdate2/hms/src/hms/ChangePassword.java</file>
            <file>file:/C:/Users/USER/Desktop/Database%203.1%20projectUpdate2/hms/src/hms/Department.java</file>
            <file>file:/C:/Users/USER/Desktop/Database%203.1%20projectUpdate2/hms/src/hms/Dashboard.java</file>
            <file>file:/C:/Users/USER/Desktop/Database%203.1%20projectUpdate2/hms/src/hms/ShowInfo.java</file>
            <file>file:/C:/Users/USER/Desktop/Database%203.1%20projectUpdate2/hms/src/hms/UsersRegistration.java</file>
            <file>file:/C:/Users/USER/Desktop/Database%203.1%20projectUpdate2/hms/src/hms/AddDrivers.java</file>
            <file>file:/C:/Users/USER/Desktop/Database%203.1%20projectUpdate2/hms/src/hms/UsersRegistrationRecord.java</file>
            <file>file:/C:/Users/USER/Desktop/Database%203.1%20projectUpdate2/hms/src/hms/conn.java</file>
            <file>file:/C:/Users/USER/Desktop/Database%203.1%20projectUpdate2/hms/src/hms/Bedtype.java</file>
            <file>file:/C:/Users/USER/Desktop/Database%203.1%20projectUpdate2/hms/src/hms/UpdateCheck.java</file>
            <file>file:/C:/Users/USER/Desktop/Database%203.1%20projectUpdate2/hms/src/hms/CustomerQuery.java</file>
            <file>file:/C:/Users/USER/Desktop/Database%203.1%20projectUpdate2/hms/src/hms/AddRoom.java</file>
            <file>file:/C:/Users/USER/Desktop/Database%203.1%20projectUpdate2/hms/src/hms/checkBed.java</file>
        </group>
    </open-files>
</project-private>
