<?xml version="1.0" encoding="UTF-8"?>
<project-private xmlns="http://www.netbeans.org/ns/project-private/1">
    <editor-bookmarks xmlns="http://www.netbeans.org/ns/editor-bookmarks/2" lastBookmarkId="0"/>
    <open-files xmlns="http://www.netbeans.org/ns/projectui-open-files/2">
        <group>
            <file>file:/C:/Users/ASUS/Downloads/hms/src/hms/AdminPanel.java</file>
            <file>file:/C:/Users/ASUS/Downloads/hms/src/hms/UsersRegistration.java</file>
            <file>file:/C:/Users/ASUS/Downloads/hms/src/hms/UpdateRoom.java</file>
            <file>file:/C:/Users/ASUS/Downloads/hms/src/hms/LoginDetails.java</file>
            <file>file:/C:/Users/ASUS/Downloads/hms/src/hms/AddEmployee.java</file>
            <file>file:/C:/Users/ASUS/Downloads/hms/src/hms/AddRoom.java</file>
            <file>file:/C:/Users/ASUS/Downloads/hms/src/hms/CheckOut.java</file>
            <file>file:/C:/Users/ASUS/Downloads/hms/src/hms/Dashboard.java</file>
            <file>file:/C:/Users/ASUS/Downloads/hms/src/hms/Employee.java</file>
            <file>file:/C:/Users/ASUS/Downloads/hms/src/hms/ManagerInfo.java</file>
            <file>file:/C:/Users/ASUS/Downloads/hms/src/hms/Reception.java</file>
            <file>file:/C:/Users/ASUS/Downloads/hms/src/hms/Room.java</file>
            <file>file:/C:/Users/ASUS/Downloads/hms/src/hms/NewCustomer.java</file>
            <file>file:/C:/Users/ASUS/Downloads/hms/src/hms/checkBed.java</file>
            <file>file:/C:/Users/ASUS/Downloads/hms/src/hms/Login.java</file>
            <file>file:/C:/Users/ASUS/Downloads/hms/src/hms/ChangePassword.java</file>
        </group>
    </open-files>
</project-private>
